<?xml version="1.0" encoding="utf-8" ?><dwsync><file name=".htaccess" server="aps-dev1.com//" local="3486628668" remote="7781580556" Dst="-1" /><file name="AOD-Media.png" server="aps-dev1.com//" local="3486628668" remote="-4611698487525802228" Dst="-1" /><file name="settings.php" server="aps-dev1.com//" local="3486628668" remote="7781580556" Dst="-1" /><file name="Burnier.png" server="aps-dev1.com//" local="3490147080" remote="7785114376" Dst="-1" /><file name="Heagarty.png" server="aps-dev1.com//" local="3490147080" remote="7785114376" Dst="-1" /><file name="jigsaw.png" server="aps-dev1.com//" local="3490246020" remote="7785213316" Dst="-1" /><file name="logo.png" server="aps-dev1.com//" local="3488167680" remote="7783134976" Dst="-1" /><file name="logo2.png" server="aps-dev1.com//" local="3488436120" remote="7783403416" Dst="-1" /><file name="logo_0.png" server="aps-dev1.com//" local="3488436480" remote="7783403776" Dst="-1" /><file name="logo_0_0.png" server="aps-dev1.com//" local="3488490240" remote="7783457536" Dst="-1" /><file name="logo_1.png" server="aps-dev1.com//" local="3488490240" remote="7783457536" Dst="-1" /><file name="redon.jpg" server="aps-dev1.com//" local="3490237020" remote="7785204316" Dst="-1" /><file name="Ruilope.png" server="aps-dev1.com//" local="3490147020" remote="7785114316" Dst="-1" /><file name="Schmeider.png" server="aps-dev1.com//" local="3490146960" remote="7785114256" Dst="-1" /><file name="slogan.png" server="aps-dev1.com//" local="3488230560" remote="7783197856" Dst="-1" /><file name="Volpe.png" server="aps-dev1.com//" local="3490146360" remote="7785113656" Dst="-1" /><file name="Weiss.png" server="aps-dev1.com//" local="3490146900" remote="7785114196" Dst="-1" /></dwsync>