<?xml version="1.0" encoding="utf-8" ?><dwsync><file name="footerBG.png" server="aps-dev1.com//" local="3488464367" remote="12078370172" Dst="-1" /><file name="logo.png" server="aps-dev1.com//" local="3488196460" remote="12078102332" Dst="-1" /><file name="FP-image-2.png" server="aps-dev1.com//" local="3488546833" remote="12078452732" Dst="-1" /><file name="FP-image-1.png" server="aps-dev1.com//" local="3488546814" remote="12078452732" Dst="-1" /><file name="footerBGlong.png" server="aps-dev1.com//" local="3488258539" remote="12078164312" Dst="-1" /><file name="sloganSmall.png" server="aps-dev1.com//" local="3488465181" remote="12078371072" Dst="-1" /><file name="jigsaw.png" server="aps-dev1.com//" local="3488272333" remote="12078178112" Dst="-1" /><file name="placeholder2.png" server="aps-dev1.com//" local="3488284570" remote="12078191432" Dst="-1" /><file name="placeholder1.png" server="aps-dev1.com//" local="3488284559" remote="12078191432" Dst="-1" /><file name="opaqueBGwhite.png" server="aps-dev1.com//" local="3488362114" remote="12078267872" Dst="-1" /><file name="page-holder.png" server="aps-dev1.com//" local="3488886800" remote="12078792632" Dst="-1" /><file name="new-web.png" server="aps-dev1.com//" local="3489066437" remote="12078972272" Dst="-1" /><file name="2014-07-25-Website-Image.png" server="aps-dev1.com//" local="3489131287" remote="12079037132" Dst="-1" /><file name="2014-07-25-Members-Area.png" server="aps-dev1.com//" local="3489132945" remote="12079039952" Dst="-1" /><file name="2014-07-25-Website-Image-V2.png" server="aps-dev1.com//" local="3489134332" remote="12079040192" Dst="-1" /><file name="redon-sig.png" server="aps-dev1.com//" local="3489383268" remote="12079289072" Dst="-1" /><file name="heagerty-sig.png" server="aps-dev1.com//" local="3489383284" remote="12079289072" Dst="-1" /><file name="video-player-sun.png" server="aps-dev1.com//" local="3489754504" remote="12079660532" Dst="-1" /><file name="video-player-sat.png" server="aps-dev1.com//" local="3489754494" remote="12079660532" Dst="-1" /></dwsync>